Report Type,Field Name,Metric,Total,Valid,Missing,Invalid,Valid %,Missing %,Invalid %
KK,NRIC,"12 digit
Numeric
Type Mykad/Mykid (Regex or ?)",79935,79650,37,248,0.9964346031,0.0004628760868,0.003102520798
KK,Jantina,IC last digit odd or even (Regex),79935,79932,3,0,0.9999624695,0.00003753049353,0
KK,Poskod,"Numeric
5 digit postcode format",79935,79928,4,13,0.9999124288,0.00005004065803,0.0001626321386
KK,Bank,"Combination of MOP, Bank Name, Acc No",79935,76052,0,1870,0.9514230312,0,0.02339400763
KK,Mobile No.,"Numeric
Mobile No Format (Regex)",79935,75907,3537,491,0.9496090574,0.04424845187,0.006142490774
KK,Education,"4 < Age < 8
Schooling = 'Yes'
Max edu <= edu",287,281,0,6,0.9790940767,0,0.02090592334
KK,Daerah,Daerah = Daerah Kariah,79935,79932,0,3,0.9999624695,0,0.00003753049353
KK,Umur,"Umur = DOB
Yr DOB = Yr IC",79935,78909,37,990,0.9871645712,0.0004628760868,0.01238506286
KK,Health,Healthy & Not Bedridden,79935,62234,104,17597,0.778557578,0.001301057109,0.2201413649
